region,model,MAE,RMSE,MAPE,R2
austin,Linear regression,27268.572170758438,35757.29628598943,12.321487984742424,0.3270071859239646
