region,model,MAE,RMSE,MAPE,R2
austin,Linear regression,27268.572170758423,35757.29628598941,12.321487984742422,0.3270071859239654
